{
  "devices": [
    {
      "installationId": "ab3e4302-9bc4-494b-85d4-15693c133728",
      "lastUsed": 1752049682898
    },
    {
      "installationId": "c5d7e5bc-a1fe-4c07-8e1a-24be9cacc01f",
      "lastUsed": 1752048778346
    },
    {
      "installationId": "0f925f4a-9f61-4e3e-a84a-3e80094df02a",
      "lastUsed": 1752048188898
    },
    {
      "installationId": "dea5d0f5-ba0b-4ae0-9ec3-f8b08e575c1e",
      "lastUsed": 1752043313645
    },
    {
      "installationId": "0d1e88a0-f057-4960-b9e2-d88e6832090d",
      "lastUsed": 1752042576266
    },
    {
      "installationId": "573929c4-1f1d-46f7-8b64-b975a5da5123",
      "lastUsed": 1751962879975
    }
  ]
}
